{
    "ork_legi": {
        "arastirma_seviyesi": {
            "saldiri_gelistirmesi": 2
        },
        "canavarlar": ["Kara_Troll"],
        "birimler": {
            "ork_dovusculeri": 150,
            "mizrakcilar": 120,
            "varg_binicileri": 80,
            "troller": 50
        }, 
        "kahramanlar": ["Thruk_Kemikkiran"]
    },
    "insan_imparatorlugu": {
        "canavarlar": ["Ejderha"],
        "arastirma_seviyesi": {
            "savunma_ustaligi": 3
        },
        "kahramanlar": ["Fatih_Sultan_Mehmet"],
        "birimler": {
            "piyadeler": 200,
            "okcular": 150,
            "suvariler": 100,
            "kusatma_makineleri": 10
        }
    }
}
