{
    "insan_imparatorlugu": {
        "birimler": {
            "piyadeler": 1,
            "okcular": 1,
            "suvariler": 1,
            "kusatma_makineleri": 1
        },
        "arastirma_seviyesi": {
            "savunma_ustaligi": 1
        }
    },
    "ork_legi": {
        "birimler": {
            "ork_dovusculeri": 1,
            "mizrakcilar": 1,
            "varg_binicileri": 1,
            "troller": 1
        },
        "arastirma_seviyesi": {
            "saldiri_gelistirmesi": 1
        }
    }
}
