{
    "ork_legi": {
        "kahramanlar": ["Ugar_Zalim"],
        "canavarlar": ["Camur_Devleri"],
        "arastirma_seviyesi": {
            "saldiri_gelistirmesi": 2
        },
        "birimler": {
            "varg_binicileri": 130,
            "mizrakcilar": 160,
            "ork_dovusculeri": 210,
            "troller": 70
        }
    },
    "insan_imparatorlugu": {
        "arastirma_seviyesi": {
            "savunma_ustaligi": 2
        },
        "birimler": {
            "suvariler": 120,
            "okcular": 190,
            "piyadeler": 230,
            "kusatma_makineleri": 8
        },
        "kahramanlar": ["Tugrul_Bey"],
        "canavarlar": ["Agri_Dagi_Devleri"]
    }
}
